{
	"class_name" : "PinholeCameraParameters",
	"extrinsic" :
	[
		-0.99609618351938067,
		-0.087847582954632436,
		-0.0086715250765554176,
		0.0,
		0.028691164006971068,
		-0.41508743885365651,
		0.90932900273434436,
		0.0,
		-0.083481796135741138,
		0.90553035303900287,
		0.41598746307912887,
		0.0,
		-0.089240660261210331,
		-0.83646805484294695,
		-0.25493225518129337,
		1.0
	],
	"intrinsic" :
	{
		"height" : 1012,
		"intrinsic_matrix" :
		[
			876.41770862985197,
			0.0,
			0.0,
			0.0,
			876.41770862985197,
			0.0,
			959.5,
			505.5,
			1.0
		],
		"width" : 1920
	},
	"version_major" : 1,
	"version_minor" : 0
}